Código Município;Total Estimado
1100015;387
1100023;1718
1100031;80
1100049;1387
1100056;232
1100064;214
1100072;131
1100080;234
1100098;445
1100106;806
1100114;886
1100122;2111
1100130;501
1100148;255
1100155;626
1100189;601
1100205;8350
1100254;306
1100262;56
1100288;903
1100296;107
1100304;1595
1100320;372
1100338;424
1100346;213
1100379;160
1100403;248
1100452;580
1100502;93
1100601;79
1100700;173
1100809;350
1100908;39
1100924;158
1100940;241
1101005;108
1101104;126
1101203;91
1101302;164
1101401;204
1101435;102
1101450;45
1101468;41
1101476;49
1101484;63
1101492;307
1101500;173
1101559;68
1101609;109
1101708;181
1101757;113
1101807;86
1200013;262
1200054;285
1200104;517
1200138;304
1200179;206
1200203;1791
1200252;338
1200302;903
1200328;232
1200336;371
1200344;253
1200351;488
1200385;306
1200393;293
1200401;6542
1200427;359
1200435;249
1200450;421
1200500;748
1200609;1133
1200708;296
1200807;327
1300029;464
1300060;293
1300086;223
1300102;243
1300144;247
1300201;327
1300300;861
1300409;624
1300508;789
1300607;1012
1300631;558
1300680;345
1300706;698
1300805;738
1300839;175
1300904;211
1301001;664
1301100;512
1301159;251
1301209;1695
1301308;480
1301407;800
1301506;397
1301605;570
1301654;292
1301704;1034
1301803;401
1301852;967
1301902;2045
1301951;250
1302009;183
1302108;144
1302207;222
1302306;665
1302405;906
1302504;2115
1302553;304
1302603;38210
1302702;1028
1302801;396
1302900;1636
1303007;328
1303106;579
1303205;322
1303304;390
1303403;2111
1303502;396
1303536;511
1303569;459
1303601;340
1303700;810
1303809;1470
1303908;1012
1303957;190
1304005;226
1304062;1953
1304104;456
1304203;1920
1304237;438
1304260;389
1304302;327
1304401;327
1400027;433
1400050;742
1400100;9439
1400159;481
1400175;315
1400209;486
1400233;202
1400282;177
1400308;359
1400407;472
1400456;685
1400472;584
1400506;127
1400605;26
1400704;710
1500107;2841
1500131;140
1500206;1023
1500305;973
1500347;221
1500404;1231
1500503;1026
1500602;2342
1500701;763
1500800;6861
1500859;654
1500909;834
1500958;451
1501006;205
1501105;600
1501204;543
1501253;48
1501303;2222
1501402;18652
1501451;341
1501501;1035
1501576;259
1501600;210
1501709;2107
1501725;364
1501758;111
1501782;797
1501808;2728
1501907;511
1501956;408
1502004;338
1502103;2472
1502152;1169
1502202;1021
1502301;819
1502400;3303
1502509;361
1502608;171
1502707;700
1502756;630
1502764;200
1502772;366
1502806;758
1502855;303
1502905;561
1502939;621
1502954;521
1503002;152
1503044;339
1503077;493
1503093;483
1503101;705
1503200;583
1503309;1149
1503408;192
1503457;636
1503507;523
1503606;2352
1503705;807
1503754;602
1503804;789
1503903;1116
1504000;498
1504059;561
1504109;123
1504208;4923
1504307;367
1504406;334
1504422;1780
1504455;435
1504505;686
1504604;543
1504703;1257
1504752;381
1504802;1084
1504901;627
1504950;454
1504976;237
1505007;91
1505031;376
1505064;1186
1505106;1060
1505205;671
1505304;1582
1505403;382
1505437;682
1505486;794
1505494;114
1505502;2078
1505536;4488
1505551;126
1505601;100
1505635;187
1505650;254
1505700;461
1505809;1587
1505908;772
1506005;760
1506104;201
1506112;173
1506138;1726
1506161;280
1506187;516
1506195;463
1506203;725
1506302;361
1506351;346
1506401;159
1506500;967
1506559;305
1506583;218
1506609;467
1506708;633
1506807;6574
1506906;97
1507003;508
1507102;233
1507151;392
1507201;478
1507300;1075
1507409;239
1507458;451
1507466;84
1507474;320
1507508;174
1507607;916
1507706;613
1507755;125
1507805;320
1507904;377
1507953;1599
1507961;222
1507979;322
1508001;1544
1508035;502
1508050;303
1508084;786
1508100;1728
1508126;423
1508159;803
1508209;757
1508308;1016
1508357;353
1508407;930
1600055;98
1600105;184
1600154;300
1600204;218
1600212;101
1600238;171
1600253;134
1600279;787
1600303;8818
1600402;541
1600501;623
1600535;397
1600550;75
1600600;2830
1600709;361
1600808;295
1700251;34
1700301;80
1700350;70
1700400;111
1700707;132
1701002;172
1701051;61
1701101;78
1701309;88
1701903;113
1702000;97
1702109;3057
1702158;88
1702208;579
1702307;91
1702406;152
1702554;362
1702703;43
1702901;186
1703008;118
1703057;49
1703073;84
1703107;69
1703206;71
1703305;76
1703602;25
1703701;61
1703800;165
1703826;32
1703842;174
1703867;51
1703883;51
1703891;54
1703909;98
1704105;26
1704600;20
1705102;38
1705508;560
1705557;62
1705607;63
1706001;64
1706100;79
1706258;12
1706506;109
1707009;286
1707108;116
1707207;73
1707306;57
1707405;162
1707553;53
1707652;66
1707702;137
1708205;299
1708254;78
1708304;66
1709005;297
1709302;360
1709500;1367
1709807;15
1710508;135
1710706;87
1710904;57
1711100;34
1711506;45
1711803;32
1711902;290
1711951;65
1712009;42
1712157;22
1712405;56
1712454;49
1712504;77
1712702;48
1712801;48
1713205;296
1713304;175
1713601;85
1713700;26
1713809;71
1713957;48
1714203;135
1714302;66
1714880;188
1715002;59
1715101;64
1715150;16
1715259;45
1715507;20
1715705;80
1715754;103
1716109;871
1716208;160
1716307;53
1716505;248
1716604;127
1716653;67
1716703;97
1717008;59
1717206;40
1717503;93
1717800;42
1717909;91
1718006;37
1718204;1065
1718303;103
1718402;41
1718451;36
1718501;61
1718550;53
1718659;37
1718709;40
1718758;63
1718808;76
1718840;53
1718865;126
1718881;39
1718899;17
1718907;83
1719004;55
1720002;31
1720101;89
1720150;29
1720200;170
1720259;39
1720309;66
1720499;62
1720655;100
1720804;134
1720853;12
1720903;159
1720937;34
1720978;27
1721000;5224
1721109;182
1721208;428
1721257;18
1721307;27
1722081;105
1722107;189
2100055;1884
2100105;154
2100154;187
2100204;232
2100303;459
2100402;93
2100436;398
2100477;521
2100501;187
2100550;132
2100600;838
2100709;369
2100808;312
2100832;304
2100873;170
2100907;634
2100956;625
2101004;442
2101103;159
2101202;1633
2101251;249
2101301;279
2101350;60
2101400;1981
2101509;272
2101608;1582
2101707;1200
2101731;77
2101772;216
2101806;71
2101905;285
2101939;52
2101970;140
2102002;595
2102036;532
2102077;168
2102101;595
2102150;156
2102200;586
2102309;417
2102325;1259
2102358;221
2102374;159
2102408;152
2102507;332
2102556;208
2102606;225
2102705;263
2102754;157
2102804;388
2102903;442
2103000;2627
2103109;108
2103125;149
2103158;251
2103174;317
2103208;1542
2103257;178
2103307;1951
2103406;772
2103505;740
2103554;302
2103604;1117
2103703;591
2103752;212
2103802;348
2103901;197
2104008;338
2104057;582
2104073;106
2104081;245
2104099;263
2104107;179
2104206;276
2104305;160
2104404;265
2104503;161
2104552;330
2104602;233
2104628;118
2104651;679
2104677;498
2104701;100
2104800;1547
2104909;155
2105005;502
2105104;412
2105153;252
2105203;189
2105302;5090
2105351;286
2105401;1353
2105427;385
2105450;117
2105476;332
2105500;477
2105609;255
2105658;124
2105708;792
2105807;154
2105906;292
2105922;142
2105948;127
2105963;263
2105989;108
2106003;208
2106102;152
2106201;100
2106300;239
2106326;392
2106359;22
2106375;186
2106409;294
2106508;344
2106607;553
2106631;129
2106672;45
2106706;371
2106755;333
2106805;267
2106904;593
2107001;155
2107100;345
2107209;261
2107258;85
2107308;51
2107357;263
2107407;257
2107456;232
2107506;1539
2107605;335
2107704;322
2107803;559
2107902;302
2108009;267
2108058;135
2108108;466
2108207;741
2108256;431
2108306;671
2108405;149
2108454;357
2108504;556
2108603;1408
2108702;408
2108801;290
2108900;247
2109007;420
2109056;82
2109106;781
2109205;217
2109239;106
2109270;413
2109304;245
2109403;232
2109452;444
2109502;368
2109551;127
2109601;614
2109700;78
2109759;84
2109809;515
2109908;1407
2110005;1160
2110039;359
2110104;509
2110203;603
2110237;140
2110278;180
2110302;266
2110401;375
2110500;511
2110609;460
2110658;123
2110708;641
2110807;52
2110856;118
2110906;195
2111003;296
2111029;243
2111052;181
2111078;260
2111102;408
2111201;2980
2111250;131
2111300;16978
2111409;280
2111508;357
2111532;188
2111573;83
2111607;313
2111631;78
2111672;83
2111706;272
2111722;105
2111748;181
2111763;272
2111789;88
2111805;344
2111904;173
2111953;69
2112001;163
2112100;536
2112209;3156
2112233;196
2112274;103
2112308;555
2112407;741
2112456;373
2112506;1329
2112605;552
2112704;799
2112803;926
2112852;188
2112902;523
2113009;494
2114007;748
2200053;98
2200103;89
2200202;309
2200251;88
2200277;47
2200301;124
2200400;711
2200459;77
2200509;312
2200608;100
2200707;136
2200806;55
2200905;65
2200954;35
2201002;65
2201051;125
2201101;213
2201150;283
2201176;37
2201200;715
2201309;44
2201408;82
2201507;350
2201556;62
2201572;34
2201606;122
2201705;77
2201739;104
2201770;87
2201804;51
2201903;543
2201919;92
2201929;77
2201945;82
2201960;90
2201988;61
2202000;326
2202026;67
2202059;128
2202075;42
2202083;101
2202091;67
2202109;62
2202117;53
2202133;93
2202174;101
2202208;625
2202251;43
2202307;291
2202406;162
2202455;41
2202505;201
2202539;72
2202554;79
2202604;307
2202653;100
2202703;415
2202711;51
2202729;117
2202737;53
2202752;77
2202778;80
2202802;76
2202851;49
2202901;446
2203008;102
2203107;191
2203206;210
2203230;84
2203255;53
2203271;93
2203305;267
2203354;113
2203404;80
2203420;49
2203453;105
2203503;151
2203602;54
2203701;623
2203750;88
2203800;59
2203859;23
2203909;875
2204006;62
2204105;65
2204154;25
2204204;88
2204303;138
2204352;80
2204402;221
2204501;172
2204550;69
2204600;56
2204659;150
2204709;176
2204808;135
2204907;97
2205003;119
2205102;139
2205151;64
2205201;289
2205250;47
2205276;47
2205300;66
2205359;43
2205409;228
2205458;81
2205508;643
2205516;52
2205524;85
2205532;88
2205540;40
2205557;117
2205565;62
2205573;80
2205581;68
2205599;53
2205607;68
2205706;525
2205805;327
2205854;116
2205904;51
2205953;111
2206001;88
2206050;73
2206100;182
2206209;561
2206308;19
2206357;63
2206407;141
2206506;97
2206605;187
2206654;52
2206670;85
2206696;115
2206704;108
2206720;175
2206753;64
2206803;143
2206902;64
2206951;39
2207009;486
2207108;40
2207207;96
2207306;56
2207355;27
2207405;72
2207504;209
2207553;52
2207603;172
2207702;2414
2207751;53
2207777;54
2207793;51
2207801;316
2207850;45
2207900;533
2207934;33
2207959;61
2208007;1089
2208106;135
2208205;219
2208304;404
2208403;877
2208502;254
2208551;40
2208601;40
2208650;100
2208700;158
2208809;246
2208858;64
2208874;57
2208908;85
2209005;73
2209104;85
2209153;29
2209203;97
2209302;83
2209351;40
2209377;60
2209401;85
2209450;25
2209500;52
2209559;57
2209609;27
2209658;84
2209708;54
2209757;34
2209807;75
2209856;50
2209872;80
2209906;91
2209955;47
2209971;119
2210003;351
2210052;61
2210102;41
2210201;86
2210300;67
2210359;40
2210375;28
2210383;27
2210391;49
2210409;219
2210508;209
2210607;598
2210623;54
2210631;60
2210656;104
2210706;172
2210805;186
2210904;45
2210938;89
2210953;45
2210979;36
2211001;13226
2211100;807
2211209;414
2211308;285
2211357;60
2211407;68
2211506;41
2211605;27
2211704;35
2300101;138
2300150;251
2300200;1061
2300309;645
2300408;182
2300507;157
2300606;133
2300705;186
2300754;703
2300804;109
2300903;187
2301000;1158
2301109;1024
2301208;371
2301257;153
2301307;361
2301406;186
2301505;119
2301604;299
2301703;335
2301802;70
2301851;262
2301901;1263
2301950;361
2302008;236
2302057;240
2302107;555
2302206;684
2302305;417
2302404;620
2302503;848
2302602;1025
2302701;430
2302800;1201
2302909;261
2303006;313
2303105;253
2303204;467
2303303;201
2303402;267
2303501;1094
2303600;137
2303659;113
2303709;5448
2303808;320
2303907;221
2303931;151
2303956;331
2304004;302
2304103;1129
2304202;2164
2304236;281
2304251;493
2304269;87
2304277;77
2304285;1356
2304301;260
2304350;332
2304400;34703
2304459;217
2304509;272
2304608;130
2304657;183
2304707;825
2304806;81
2304905;162
2304954;372
2305001;735
2305100;72
2305209;248
2305233;1219
2305266;203
2305308;372
2305332;153
2305357;246
2305407;920
2305506;1323
2305605;279
2305654;150
2305704;157
2305803;658
2305902;483
2306009;213
2306108;371
2306207;100
2306256;711
2306306;778
2306405;2320
2306504;233
2306553;736
2306603;335
2306702;216
2306801;165
2306900;445
2307007;377
2307106;420
2307205;136
2307254;448
2307304;4213
2307403;302
2307502;351
2307601;725
2307635;232
2307650;4281
2307700;1469
2307809;549
2307908;185
2308005;625
2308104;746
2308203;256
2308302;399
2308351;150
2308377;180
2308401;597
2308500;535
2308609;269
2308708;782
2308807;149
2308906;342
2309003;171
2309102;138
2309201;256
2309300;383
2309409;398
2309458;303
2309508;298
2309607;1009
2309706;1094
2309805;173
2309904;74
2310001;107
2310100;145
2310209;615
2310258;432
2310308;433
2310407;121
2310506;496
2310605;207
2310704;585
2310803;229
2310852;362
2310902;164
2310951;89
2311009;173
2311108;245
2311207;139
2311231;84
2311264;263
2311306;1432
2311355;180
2311405;1199
2311504;260
2311603;432
2311702;247
2311801;947
2311900;207
2311959;277
2312007;437
2312106;273
2312205;592
2312304;812
2312403;901
2312502;92
2312601;164
2312700;291
2312809;111
2312908;3360
2313005;217
2313104;405
2313203;344
2313252;101
2313302;781
2313351;261
2313401;1518
2313500;819
2313559;236
2313609;594
2313708;89
2313757;299
2313807;392
2313906;207
2313955;287
2314003;511
2314102;981
2400109;98
2400208;749
2400307;118
2400406;45
2400505;185
2400604;45
2400703;183
2400802;133
2400901;73
2401008;425
2401107;324
2401206;196
2401305;100
2401404;122
2401453;369
2401503;53
2401602;75
2401651;52
2401701;122
2401800;181
2401859;88
2401909;70
2402006;676
2402105;142
2402204;535
2402303;240
2402402;99
2402501;153
2402600;1208
2402709;138
2402808;74
2402907;64
2403004;75
2403103;498
2403202;92
2403251;3589
2403301;94
2403400;66
2403509;122
2403608;735
2403707;42
2403756;37
2403806;106
2403905;41
2404002;53
2404101;29
2404200;507
2404309;140
2404408;128
2404507;306
2404606;165
2404705;205
2404804;16
2404853;95
2404903;54
2405009;110
2405108;101
2405207;62
2405306;135
2405405;114
2405504;35
2405603;173
2405702;101
2405801;563
2405900;36
2406007;85
2406106;216
2406155;51
2406205;122
2406304;103
2406403;44
2406502;227
2406601;166
2406700;121
2406809;68
2406908;47
2407005;157
2407104;1114
2407203;315
2407252;65
2407302;100
2407401;108
2407500;153
2407609;66
2407708;172
2407807;269
2407906;50
2408003;3690
2408102;11154
2408201;374
2408300;513
2408409;39
2408508;50
2408607;48
2408706;53
2408805;121
2408904;262
2408953;174
2409100;153
2409209;35
2409308;130
2409332;81
2409407;352
2409506;74
2409605;33
2409704;53
2409803;225
2409902;159
2410009;46
2410108;182
2410207;119
2410256;81
2410306;168
2410405;145
2410504;66
2410603;28
2410702;38
2410801;46
2410900;116
2411007;51
2411056;75
2411106;42
2411205;540
2411403;132
2411429;28
2411502;309
2411601;62
2411700;51
2411809;41
2411908;44
2412005;1470
2412104;65
2412203;725
2412302;152
2412401;61
2412500;309
2412559;177
2412609;228
2412708;83
2412807;79
2412906;119
2413003;60
2413102;85
2413201;80
2413300;87
2413359;222
2413409;84
2413508;84
2413557;67
2413607;66
2413706;59
2413805;36
2413904;162
2414001;172
2414100;157
2414159;83
2414209;236
2414308;14
2414407;546
2414456;45
2414506;106
2414605;184
2414704;87
2414753;51
2414803;189
2414902;15
2415008;42
2500106;126
2500205;46
2500304;426
2500403;316
2500502;227
2500536;70
2500577;60
2500601;391
2500700;189
2500734;33
2500775;84
2500809;203
2500908;129
2501005;272
2501104;366
2501153;38
2501203;107
2501302;255
2501351;65
2501401;175
2501500;278
2501534;67
2501575;106
2501609;137
2501708;87
2501807;1401
2501906;232
2502003;70
2502052;42
2502102;99
2502151;95
2502201;50
2502300;39
2502409;156
2502508;283
2502607;80
2502706;75
2502805;189
2502904;76
2503001;375
2503100;71
2503209;923
2503308;124
2503407;46
2503506;200
2503555;154
2503605;88
2503704;868
2503753;53
2503803;101
2503902;85
2504009;6164
2504033;118
2504074;47
2504108;32
2504157;79
2504207;55
2504306;426
2504355;80
2504405;245
2504504;84
2504603;528
2504702;88
2504801;200
2504850;28
2504900;246
2505006;112
2505105;270
2505204;107
2505238;100
2505279;69
2505303;22
2505352;57
2505402;128
2505501;43
2505600;103
2505709;145
2505808;56
2505907;49
2506004;515
2506103;184
2506202;32
2506251;127
2506301;867
2506400;194
2506509;44
2506608;66
2506707;164
2506806;254
2506905;339
2507002;354
2507101;291
2507200;133
2507309;223
2507408;75
2507507;11681
2507606;114
2507705;299
2507804;85
2507903;186
2508000;129
2508109;55
2508208;114
2508307;400
2508406;41
2508505;122
2508554;58
2508604;230
2508703;45
2508802;84
2508901;808
2509008;131
2509057;188
2509107;298
2509156;84
2509206;178
2509305;168
2509339;64
2509370;37
2509396;116
2509404;235
2509503;80
2509602;68
2509701;521
2509800;123
2509909;138
2510006;86
2510105;120
2510204;73
2510303;40
2510402;84
2510501;38
2510600;38
2510659;17
2510709;38
2510808;1516
2510907;154
2511004;60
2511103;69
2511202;440
2511301;154
2511400;249
2511509;217
2511608;126
2511707;99
2511806;123
2511905;277
2512002;282
2512036;39
2512077;36
2512101;422
2512200;46
2512309;299
2512408;213
2512507;708
2512606;25
2512705;281
2512721;81
2512747;49
2512754;71
2512762;89
2512788;36
2512804;104
2512903;396
2513000;29
2513109;159
2513158;110
2513208;69
2513307;60
2513356;35
2513406;185
2513505;66
2513604;74
2513653;33
2513703;2179
2513802;74
2513851;25
2513901;468
2513927;57
2513943;39
2513968;27
2513984;46
2514008;52
2514107;61
2514206;82
2514305;82
2514404;43
2514453;98
2514503;282
2514552;39
2514602;48
2514651;22
2514701;51
2514800;41
2514909;90
2515005;104
2515104;167
2515203;45
2515302;784
2515401;173
2515500;167
2515609;38
2515708;52
2515807;100
2515906;58
2515930;60
2515971;138
2516003;402
2516102;189
2516151;49
2516201;961
2516300;282
2516409;94
2516508;210
2516607;166
2516706;244
2516755;37
2516805;122
2516904;171
2517001;119
2517100;17
2517209;57
2517407;35
2600054;1354
2600104;562
2600203;258
2600302;350
2600401;372
2600500;785
2600609;219
2600708;519
2600807;252
2600906;279
2601003;159
2601052;305
2601102;1619
2601201;1138
2601300;215
2601409;658
2601508;137
2601607;294
2601706;1236
2601805;175
2601904;775
2602001;498
2602100;603
2602209;480
2602308;611
2602407;168
2602506;116
2602605;851
2602704;188
2602803;860
2602902;3055
2603009;533
2603108;316
2603207;446
2603306;124
2603405;118
2603454;2133
2603504;272
2603603;131
2603702;308
2603801;288
2603900;272
2603926;256
2604007;1020
2604106;5919
2604155;191
2604205;485
2604304;168
2604403;268
2604502;311
2604601;411
2604700;233
2604809;147
2604908;199
2605004;363
2605103;474
2605152;241
2605202;898
2605301;585
2605400;313
2605459;38
2605509;179
2605608;288
2605707;501
2605806;157
2605905;306
2606002;2250
2606101;372
2606200;1182
2606309;104
2606408;1137
2606507;266
2606606;442
2606705;105
2606804;1632
2606903;122
2607000;338
2607109;64
2607208;1767
2607307;558
2607406;69
2607505;374
2607604;330
2607653;448
2607703;179
2607752;377
2607802;246
2607901;9123
2607950;154
2608008;256
2608057;189
2608107;319
2608206;201
2608255;191
2608305;270
2608404;217
2608453;231
2608503;319
2608602;182
2608701;202
2608750;516
2608800;667
2608909;724
2609006;365
2609105;203
2609154;273
2609204;160
2609303;271
2609402;778
2609501;393
2609600;5162
2609709;276
2609808;294
2609907;1102
2610004;893
2610103;111
2610202;321
2610301;195
2610400;295
2610509;404
2610608;820
2610707;3928
2610806;337
2610905;907
2611002;693
2611101;6224
2611200;139
2611309;415
2611408;180
2611507;287
2611533;109
2611606;21477
2611705;308
2611804;456
2611903;308
2612000;131
2612109;70
2612208;1022
2612307;191
2612406;297
2612455;224
2612471;214
2612505;1551
2612554;201
2612604;722
2612703;451
2612802;151
2612901;144
2613008;760
2613107;619
2613206;351
2613305;294
2613404;322
2613503;509
2613602;400
2613701;1603
2613800;264
2613909;1403
2614006;240
2614105;433
2614204;591
2614303;190
2614402;86
2614501;840
2614600;470
2614709;198
2614808;343
2614857;444
2615003;378
2615102;142
2615201;143
2615300;650
2615409;756
2615508;197
2615607;580
2615706;178
2615805;351
2615904;139
2616001;290
2616100;136
2616183;97
2616209;270
2616308;390
2616407;1859
2616506;224
2700102;344
2700201;204
2700300;3856
2700409;648
2700508;269
2700607;170
2700706;308
2700805;78
2700904;96
2701001;337
2701100;183
2701209;171
2701308;339
2701357;121
2701407;541
2701506;158
2701605;278
2701704;271
2701803;170
2701902;112
2702009;165
2702108;297
2702207;75
2702306;949
2702355;469
2702405;811
2702504;146
2702553;224
2702603;370
2702702;79
2702801;178
2702900;583
2703007;271
2703106;386
2703205;329
2703304;320
2703403;84
2703502;78
2703601;151
2703700;109
2703759;140
2703809;362
2703908;55
2704005;364
2704104;306
2704203;376
2704302;14427
2704401;267
2704500;617
2704609;161
2704708;929
2704807;180
2704906;27
2705002;342
2705101;411
2705200;274
2705309;68
2705408;111
2705507;460
2705606;152
2705705;355
2705804;152
2705903;95
2706000;174
2706109;234
2706208;79
2706307;1096
2706406;370
2706422;183
2706448;225
2706505;193
2706604;79
2706703;971
2706802;300
2706901;529
2707008;31
2707107;415
2707206;206
2707305;407
2707404;155
2707503;320
2707602;193
2707701;1450
2707800;96
2707909;114
2708006;827
2708105;198
2708204;79
2708303;397
2708402;581
2708501;570
2708600;886
2708709;155
2708808;533
2708907;356
2708956;205
2709004;67
2709103;269
2709152;633
2709202;351
2709301;1124
2709400;367
2800100;38
2800209;259
2800308;8550
2800407;132
2800506;290
2800605;556
2800670;324
2800704;123
2801009;262
2801108;66
2801207;601
2801306;535
2801405;302
2801504;261
2801603;67
2801702;307
2801900;53
2802007;55
2802106;1005
2802205;107
2802304;277
2802403;144
2802502;46
2802601;75
2802700;133
2802809;291
2802908;1427
2803005;585
2803104;67
2803203;485
2803302;211
2803401;220
2803500;1531
2803609;373
2803708;95
2803807;64
2803906;178
2804003;225
2804102;133
2804201;246
2804300;124
2804409;243
2804458;99
2804508;615
2804607;371
2804706;78
2804805;2912
2804904;256
2805000;35
2805109;132
2805208;85
2805307;126
2805406;518
2805505;318
2805604;427
2805703;449
2805802;261
2805901;172
2806008;199
2806107;161
2806206;270
2806305;219
2806404;98
2806503;63
2806602;184
2806701;1231
2806800;136
2806909;48
2807006;44
2807105;662
2807204;130
2807303;49
2807402;694
2807501;184
2807600;366
2900108;58
2900207;294
2900306;189
2900355;167
2900405;167
2900504;102
2900603;60
2900702;2058
2900801;355
2900900;56
2901007;450
2901106;270
2901155;214
2901205;223
2901304;200
2901353;172
2901403;202
2901502;78
2901601;137
2901700;127
2901809;175
2901908;189
2901957;107
2902005;165
2902054;173
2902104;648
2902203;113
2902252;109
2902302;123
2902401;205
2902500;227
2902609;205
2902658;188
2902708;931
2902807;388
2902906;500
2903003;179
2903102;71
2903201;2679
2903235;168
2903276;213
2903300;75
2903409;307
2903508;223
2903607;214
2903706;181
2903805;200
2903904;1099
2903953;108
2904001;175
2904050;273
2904100;287
2904209;143
2904308;149
2904407;98
2904506;121
2904605;842
2904704;216
2904753;357
2904803;83
2904852;246
2904902;370
2905008;288
2905107;129
2905156;139
2905206;658
2905305;306
2905404;318
2905503;225
2905602;326
2905701;4254
2905800;629
2905909;483
2906006;1193
2906105;133
2906204;370
2906303;414
2906402;113
2906501;1039
2906600;138
2906709;302
2906808;491
2906824;273
2906857;99
2906873;499
2906899;86
2906907;298
2907004;133
2907103;426
2907202;1130
2907301;287
2907400;50
2907509;541
2907558;87
2907608;219
2907707;146
2907806;319
2907905;313
2908002;233
2908101;293
2908200;270
2908309;149
2908408;991
2908507;395
2908606;369
2908705;206
2908804;56
2908903;271
2909000;83
2909109;191
2909208;212
2909307;396
2909406;171
2909505;57
2909604;219
2909703;207
2909802;715
2909901;586
2910008;170
2910057;1086
2910107;134
2910206;53
2910305;80
2910404;217
2910503;553
2910602;516
2910701;778
2910727;1930
2910750;195
2910776;68
2910800;8926
2910859;258
2910909;52
2911006;108
2911105;450
2911204;431
2911253;39
2911303;115
2911402;249
2911501;76
2911600;285
2911659;79
2911709;1221
2911808;250
2911857;139
2911907;359
2912004;85
2912103;258
2912202;269
2912301;175
2912400;199
2912509;157
2912608;42
2912707;346
2912806;124
2912905;277
2913002;133
2913101;200
2913200;435
2913309;59
2913408;183
2913457;208
2913507;316
2913606;2432
2913705;460
2913804;175
2913903;586
2914000;768
2914109;111
2914208;82
2914307;95
2914406;389
2914505;335
2914604;1129
2914653;535
2914703;950
2914802;2642
2914901;361
2915007;222
2915106;181
2915205;173
2915304;89
2915353;170
2915403;96
2915502;246
2915601;981
2915700;96
2915809;285
2915908;81
2916005;198
2916104;278
2916203;128
2916302;124
2916401;958
2916500;412
2916609;90
2916708;103
2916807;211
2916856;194
2916906;129
2917003;509
2917102;245
2917201;222
2917300;310
2917334;145
2917359;156
2917409;127
2917508;1307
2917607;761
2917706;406
2917805;224
2917904;140
2918001;2310
2918100;530
2918209;167
2918308;185
2918357;421
2918407;4399
2918456;125
2918506;200
2918555;76
2918605;62
2918704;43
2918753;128
2918803;315
2918902;56
2919009;45
2919058;81
2919108;70
2919157;437
2919207;3079
2919306;158
2919405;114
2919504;569
2919553;1912
2919603;144
2919702;173
2919801;516
2919900;109
2919926;286
2919959;84
2920007;89
2920106;158
2920205;226
2920304;96
2920403;172
2920452;114
2920502;338
2920601;430
2920700;288
2920809;141
2920908;135
2921005;755
2921054;151
2921104;284
2921203;336
2921302;140
2921401;192
2921450;90
2921500;637
2921609;105
2921708;537
2921807;124
2921906;170
2922003;552
2922052;209
2922102;206
2922201;79
2922250;171
2922300;309
2922409;276
2922508;306
2922607;188
2922656;144
2922706;179
2922730;78
2922755;63
2922805;133
2922854;103
2922904;348
2923001;646
2923035;145
2923050;102
2923100;300
2923209;273
2923308;77
2923357;268
2923407;255
2923506;157
2923605;208
2923704;482
2923803;331
2923902;136
2924009;1802
2924058;132
2924108;67
2924207;211
2924306;231
2924405;582
2924504;215
2924603;271
2924652;105
2924678;136
2924702;113
2924801;196
2924900;84
2925006;292
2925105;647
2925204;461
2925253;280
2925303;2877
2925402;123
2925501;555
2925600;147
2925709;120
2925758;453
2925808;302
2925907;340
2925931;113
2925956;269
2926004;648
2926103;203
2926202;342
2926301;384
2926400;363
2926509;190
2926608;699
2926657;87
2926707;149
2926806;120
2926905;87
2927002;572
2927101;174
2927200;438
2927309;179
2927408;32915
2927507;306
2927606;250
2927705;507
2927804;60
2927903;117
2928000;541
2928059;534
2928109;540
2928208;322
2928307;98
2928406;430
2928505;116
2928604;639
2928703;1359
2928802;736
2928901;589
2928950;74
2929008;131
2929057;283
2929107;225
2929206;562
2929255;244
2929305;412
2929354;108
2929370;125
2929404;114
2929503;500
2929602;220
2929701;212
2929750;126
2929800;116
2929909;666
2930006;109
2930105;1076
2930154;547
2930204;522
2930303;250
2930402;143
2930501;1156
2930600;164
2930709;1900
2930758;200
2930766;117
2930774;438
2930808;250
2930907;192
2931004;263
2931053;247
2931103;95
2931202;283
2931301;239
2931350;2239
2931400;58
2931509;282
2931608;207
2931707;146
2931806;193
2931905;599
2932002;317
2932101;238
2932200;316
2932309;268
2932408;158
2932457;203
2932507;257
2932606;176
2932705;334
2932804;260
2932903;1416
2933000;290
2933059;163
2933109;87
2933158;193
2933174;115
2933208;572
2933257;61
2933307;5458
2933406;109
2933455;192
2933505;409
2933604;860
3100104;73
3100203;237
3100302;164
3100401;54
3100500;96
3100609;164
3100708;19
3100807;29
3100906;272
3101003;155
3101102;320
3101201;53
3101300;21
3101409;29
3101508;396
3101607;1014
3101631;72
3101706;561
3101805;116
3101904;222
3102001;158
3102050;95
3102100;103
3102209;66
3102308;143
3102407;42
3102506;37
3102605;468
3102704;101
3102803;129
3102852;101
3102902;136
3103009;110
3103108;10
3103207;24
3103306;26
3103405;375
3103504;1329
3103603;31
3103702;105
3103751;134
3103801;17
3103900;124
3104007;1489
3104106;74
3104205;526
3104304;142
3104403;34
3104452;57
3104502;183
3104601;138
3104700;139
3104809;47
3104908;228
3105004;74
3105103;236
3105202;42
3105301;70
3105400;407
3105509;48
3105608;1386
3105707;49
3105905;257
3106002;111
3106101;23
3106200;28800
3106309;358
3106408;96
3106507;94
3106606;77
3106655;63
3106705;5607
3106804;27
3106903;152
3107000;19
3107109;565
3107208;28
3107307;664
3107406;625
3107505;46
3107604;52
3107703;75
3107802;145
3107901;148
3108008;157
3108107;52
3108206;77
3108255;130
3108305;148
3108404;143
3108503;65
3108552;217
3108602;442
3108701;40
3108800;59
3108909;148
3109006;455
3109105;90
3109204;118
3109253;60
3109303;333
3109402;350
3109451;97
3109501;117
3109600;43
3109709;127
3109808;14
3109907;117
3110004;496
3110103;77
3110202;41
3110301;124
3110400;32
3110509;284
3110608;332
3110707;129
3110806;42
3110905;187
3111002;179
3111101;163
3111150;43
3111200;581
3111309;127
3111408;120
3111507;199
3111606;295
3111705;49
3111804;132
3111903;60
3112000;108
3112059;55
3112109;86
3112208;50
3112307;585
3112406;78
3112505;112
3112604;158
3112653;54
3112703;212
3112802;103
3112901;115
3113008;244
3113107;34
3113206;296
3113305;381
3113404;1127
3113503;96
3113602;78
3113701;229
3113800;28
3113909;148
3114006;98
3114105;136
3114204;287
3114303;357
3114402;218
3114501;211
3114550;101
3114600;50
3114709;37
3114808;44
3114907;21
3115003;35
3115102;210
3115201;35
3115300;753
3115359;83
3115409;35
3115458;137
3115474;57
3115508;233
3115607;2
3115706;68
3115805;84
3115904;30
3116001;92
3116100;111
3116159;226
3116209;41
3116308;59
3116407;21
3116506;63
3116605;390
3116704;78
3116803;86
3116902;46
3117009;70
3117108;122
3117207;27
3117306;377
3117405;27
3117504;291
3117603;62
3117702;158
3117801;124
3117836;58
3117876;88
3117900;111
3118007;705
3118106;41
3118205;64
3118304;1703
3118403;244
3118502;15
3118601;8216
3118700;107
3118809;297
3118908;83
3119005;38
3119104;286
3119203;78
3119302;350
3119401;1340
3119500;100
3119609;23
3119708;27
3119807;28
3119906;29
3119955;77
3120003;45
3120102;57
3120151;92
3120201;142
3120300;76
3120409;83
3120508;95
3120607;56
3120706;79
3120805;202
3120839;56
3120870;115
3120904;950
3121001;78
3121100;59
3121209;82
3121258;125
3121308;59
3121407;86
3121506;30
3121605;630
3121704;39
3121803;57
3121902;48
3122009;321
3122108;70
3122207;94
3122306;2741
3122355;103
3122405;89
3122454;117
3122470;42
3122504;51
3122603;61
3122702;32
3122801;31
3122900;86
3123007;101
3123106;65
3123205;101
3123304;54
3123403;22
3123502;20
3123528;135
3123601;326
3123700;126
3123809;70
3123858;78
3123908;150
3124005;244
3124104;1154
3124203;348
3124302;411
3124401;96
3124500;113
3124609;20
3124708;19
3124807;69
3124906;102
3125002;53
3125101;719
3125200;11
3125309;38
3125408;62
3125507;29
3125606;99
3125705;127
3125804;33
3125903;106
3125952;155
3126000;69
3126109;683
3126208;106
3126307;35
3126406;32
3126505;70
3126604;55
3126703;288
3126752;55
3126802;91
3126901;100
3126950;41
3127008;155
3127057;50
3127073;69
3127107;774
3127206;35
3127305;80
3127339;75
3127354;41
3127370;36
3127388;36
3127404;30
3127503;71
3127602;141
3127701;3847
3127800;163
3127909;10
3128006;449
3128105;142
3128204;101
3128253;64
3128303;244
3128402;94
3128501;36
3128600;87
3128709;585
3128808;76
3128907;110
3129004;79
3129103;29
3129202;57
3129301;117
3129400;51
3129509;278
3129608;98
3129657;73
3129707;153
3129806;2488
3129905;31
3130002;22
3130051;129
3130101;606
3130200;139
3130309;78
3130408;93
3130507;157
3130556;78
3130606;60
3130655;74
3130705;86
3130804;26
3130903;252
3131000;58
3131109;66
3131158;231
3131208;256
3131307;3011
3131406;29
3131505;106
3131604;96
3131703;1351
3131802;127
3131901;674
3132008;45
3132107;290
3132206;159
3132305;186
3132404;1213
3132503;408
3132602;39
3132701;282
3132800;24
3132909;140
3133006;171
3133105;179
3133204;141
3133303;249
3133402;115
3133501;193
3133600;147
3133709;132
3133758;165
3133808;1069
3133907;55
3134004;140
3134103;74
3134202;1221
3134301;80
3134400;514
3134509;40
3134608;187
3134707;103
3134806;103
3134905;347
3135001;31
3135050;660
3135076;56
3135100;1042
3135209;950
3135308;56
3135357;114
3135407;68
3135456;74
3135506;163
3135605;73
3135704;63
3135803;280
3135902;54
3136009;195
3136108;56
3136207;943
3136306;717
3136405;45
3136504;131
3136520;37
3136553;47
3136579;46
3136603;95
3136652;409
3136702;6401
3136801;41
3136900;136
3136959;67
3137007;223
3137106;47
3137205;673
3137304;47
3137403;139
3137502;207
3137536;120
3137601;743
3137700;354
3137809;211
3137908;42
3138005;42
3138104;84
3138203;1308
3138302;40
3138351;43
3138401;604
3138500;43
3138609;190
3138625;111
3138658;120
3138674;111
3138682;77
3138708;60
3138807;179
3138906;86
3139003;490
3139102;52
3139201;218
3139250;53
3139300;277
3139409;1359
3139508;284
3139607;349
3139706;84
3139805;164
3139904;170
3140001;818
3140100;59
3140159;204
3140209;37
3140308;53
3140407;45
3140506;148
3140530;161
3140555;143
3140605;41
3140704;437
3140803;158
3140852;128
3140902;313
3141009;148
3141108;491
3141207;34
3141306;46
3141405;269
3141504;61
3141603;78
3141702;68
3141801;268
3141900;49
3142007;158
3142106;114
3142205;153
3142254;60
3142304;56
3142403;91
3142502;23
3142601;68
3142700;202
3142809;227
3142908;226
3143005;135
3143104;594
3143153;81
3143203;249
3143302;6010
3143401;231
3143450;69
3143500;99
3143609;22
3143708;33
3143807;59
3143906;1287
3144003;363
3144102;264
3144201;37
3144300;467
3144359;120
3144375;35
3144409;34
3144508;84
3144607;289
3144656;123
3144672;49
3144706;201
3144805;1406
3144904;35
3145000;216
3145059;103
3145109;229
3145208;1823
3145307;398
3145356;139
3145372;61
3145406;21
3145455;83
3145505;38
3145604;439
3145703;17
3145802;30
3145851;46
3145877;111
3145901;561
3146008;338
3146107;784
3146206;86
3146255;76
3146305;259
3146404;38
3146503;98
3146552;60
3146602;14
3146701;60
3146750;76
3146909;168
3147006;1436
3147105;1112
3147204;260
3147303;201
3147402;360
3147501;11
3147600;185
3147709;65
3147808;12
3147907;1358
3147956;62
3148004;1834
3148103;1291
3148202;61
3148301;106
3148400;53
3148509;94
3148608;221
3148707;318
3148756;108
3148806;21
3148905;29
3149002;33
3149101;131
3149150;136
3149200;32
3149309;725
3149408;18
3149507;43
3149606;41
3149705;183
3149804;250
3149903;258
3149952;110
3150000;55
3150109;17
3150158;134
3150208;62
3150307;47
3150406;40
3150505;91
3150539;61
3150570;105
3150604;68
3150703;77
3150802;153
3150901;66
3151008;116
3151107;166
3151206;760
3151305;126
3151404;347
3151503;429
3151602;137
3151701;175
3151800;1905
3151909;84
3152006;420
3152105;706
3152131;69
3152170;152
3152204;453
3152303;89
3152402;182
3152501;1902
3152600;58
3152709;79
3152808;382
3152907;71
3153004;41
3153103;35
3153202;45
3153301;46
3153400;180
3153509;132
3153608;133
3153707;35
3153806;20
3153905;192
3154002;262
3154101;88
3154150;130
3154200;88
3154309;213
3154408;60
3154457;96
3154507;134
3154606;4470
3154705;38
3154804;132
3154903;165
3155009;28
3155108;64
3155207;43
3155306;59
3155405;105
3155504;164
3155603;374
3155702;149
3155801;174
3155900;49
3156007;138
3156106;50
3156205;30
3156304;131
3156403;41
3156452;46
3156502;63
3156601;106
3156700;1659
3156809;171
3156908;348
3157005;470
3157104;64
3157203;379
3157252;140
3157278;38
3157302;40
3157336;111
3157377;51
3157401;48
3157500;54
3157609;48
3157658;94
3157708;208
3157807;2649
3157906;259
3158003;127
3158102;67
3158201;159
3158300;69
3158409;26
3158508;64
3158607;38
3158706;23
3158805;54
3158904;137
3158953;739
3159001;53
3159100;29
3159209;87
3159308;43
3159357;116
3159407;33
3159506;86
3159605;474
3159704;35
3159803;249
3159902;222
3160009;33
3160108;52
3160207;49
3160306;139
3160405;311
3160454;96
3160504;13
3160603;26
3160702;498
3160801;76
3160900;33
3160959;107
3161007;150
3161056;38
3161106;810
3161205;79
3161304;45
3161403;60
3161502;110
3161601;41
3161650;52
3161700;63
3161809;144
3161908;168
3162005;336
3162104;779
3162203;83
3162252;68
3162302;31
3162401;281
3162450;254
3162500;961
3162559;184
3162575;82
3162609;118
3162658;51
3162708;248
3162807;239
3162906;303
3162922;449
3162948;92
3162955;351
3163003;73
3163102;58
3163201;59
3163300;41
3163409;59
3163508;50
3163607;47
3163706;515
3163805;55
3163904;54
3164001;93
3164100;66
3164209;94
3164308;73
3164407;74
3164431;44
3164472;84
3164506;106
3164605;142
3164704;953
3164803;10
3164902;23
3165008;119
3165107;86
3165206;90
3165305;82
3165404;77
3165503;84
3165537;510
3165552;156
3165560;19
3165578;121
3165602;29
3165701;86
3165800;10
3165909;42
3166006;58
3166105;47
3166204;97
3166303;109
3166402;24
3166501;58
3166600;6
3166709;98
3166808;175
3166907;84
3166956;49
3167004;23
3167103;262
3167202;2660
3167301;20
3167400;58
3167509;31
3167608;364
3167707;56
3167806;54
3167905;40
3168002;441
3168051;32
3168101;56
3168200;13
3168309;43
3168408;122
3168507;123
3168606;1851
3168705;944
3168804;93
3168903;86
3169000;194
3169059;38
3169109;100
3169208;83
3169307;1025
3169356;366
3169406;708
3169505;75
3169604;278
3169703;264
3169802;66
3169901;1337
3170008;138
3170057;164
3170107;4111
3170206;9611
3170305;43
3170404;1193
3170438;44
3170479;27
3170503;136
3170529;118
3170578;68
3170602;23
3170651;72
3170701;1795
3170750;123
3170800;421
3170909;269
3171006;249
3171030;114
3171071;63
3171105;18
3171154;61
3171204;1805
3171303;984
3171402;44
3171501;39
3171600;131
3171709;96
3171808;137
3171907;45
3172004;525
3172103;70
3172202;19
3200102;374
3200136;132
3200169;192
3200201;379
3200300;164
3200359;102
3200409;407
3200508;68
3200607;1519
3200706;156
3200805;392
3200904;628
3201001;192
3201100;95
3201159;239
3201209;2605
3201308;5634
3201407;436
3201506;1558
3201605;418
3201704;181
3201803;68
3201902;515
3202009;90
3202108;296
3202207;268
3202256;130
3202306;414
3202405;1788
3202454;394
3202504;190
3202553;140
3202603;139
3202652;223
3202702;149
3202801;639
3202900;119
3203007;408
3203056;483
3203106;157
3203130;176
3203163;124
3203205;2538
3203304;170
3203320;566
3203346;220
3203353;173
3203403;295
3203502;282
3203601;76
3203700;277
3203809;175
3203908;694
3204005;237
3204054;401
3204104;367
3204203;348
3204252;83
3204302;230
3204351;298
3204401;150
3204500;121
3204559;672
3204609;296
3204658;115
3204708;432
3204807;128
3204906;1820
3204955;112
3205002;7694
3205010;435
3205036;298
3205069;361
3205101;1132
3205150;105
3205176;236
3205200;6529
3205309;4531
3300100;2367
3300159;135
3300209;1670
3300225;163
3300233;745
3300258;444
3300308;1043
3300407;2169
3300456;6547
3300506;358
3300605;500
3300704;2773
3300803;734
3300902;161
3300936;148
3300951;121
3301009;7244
3301108;211
3301157;131
3301207;202
3301306;558
3301405;272
3301504;243
3301603;154
3301702;12316
3301801;146
3301850;698
3301876;368
3301900;2914
3302007;1754
3302056;171
3302106;279
3302205;1238
3302254;388
3302270;1299
3302304;80
3302403;3652
3302452;112
3302502;3546
3302601;543
3302700;2045
3302809;200
3302858;2223
3302908;323
3303005;383
3303104;171
3303203;1686
3303302;6025
3303401;2176
3303500;11404
3303609;503
3303708;541
3303807;659
3303856;401
3303906;3842
3303955;343
3304003;377
3304102;243
3304110;252
3304128;165
3304144;2168
3304151;307
3304201;1664
3304300;759
3304409;218
3304508;104
3304524;2112
3304557;77137
3304607;103
3304706;464
3304755;651
3304805;433
3304904;10486
3305000;539
3305109;5748
3305133;104
3305158;318
3305208;1748
3305307;98
3305406;194
3305505;1234
3305554;1150
3305604;280
3305703;253
3305752;462
3305802;2210
3305901;112
3306008;1107
3306107;836
3306156;170
3306206;495
3306305;3103
3500105;422
3500204;41
3500303;425
3500402;56
3500501;236
3500550;51
3500600;21
3500709;526
3500758;82
3500808;45
3500907;41
3501004;197
3501103;32
3501152;243
3501202;35
3501301;326
3501400;55
3501509;43
3501608;2668
3501707;469
3501806;61
3501905;816
3502002;43
3502101;664
3502200;307
3502309;84
3502408;49
3502507;440
3502606;36
3502705;329
3502754;388
3502804;2389
3502903;373
3503000;64
3503109;97
3503158;15
3503208;2609
3503307;1544
3503356;16
3503406;82
3503505;49
3503604;126
3503703;87
3503802;619
3503901;1372
3503950;19
3504008;1166
3504107;2103
3504206;153
3504305;60
3504404;129
3504503;1169
3504602;297
3504701;9
3504800;95
3504909;106
3505005;32
3505104;83
3505203;410
3505302;298
3505351;80
3505401;88
3505500;1431
3505609;449
3505708;5716
3505807;297
3505906;747
3506003;4591
3506102;920
3506201;35
3506300;148
3506359;977
3506409;80
3506508;1392
3506607;421
3506706;160
3506805;126
3506904;113
3507001;749
3507100;323
3507159;67
3507209;14
3507308;62
3507407;143
3507456;25
3507506;1750
3507605;2099
3507704;65
3507753;28
3507803;309
3507902;304
3508009;327
3508108;200
3508207;52
3508306;54
3508405;702
3508504;1225
3508603;381
3508702;201
3508801;238
3508900;42
3509007;1284
3509106;43
3509205;1342
3509254;438
3509304;110
3509403;312
3509452;68
3509502;14648
3509601;950
3509700;723
3509809;65
3509908;179
3509957;78
3510005;357
3510104;25
3510153;77
3510203;621
3510302;249
3510401;688
3510500;1716
3510609;6502
3510708;109
3510807;303
3510906;19
3511003;267
3511102;1336
3511201;62
3511300;112
3511409;277
3511508;531
3511607;250
3511706;178
3511904;101
3512001;200
3512100;91
3512209;461
3512308;206
3512407;308
3512506;51
3512605;52
3512704;63
3512803;651
3512902;125
3513009;4121
3513108;393
3513207;120
3513306;14
3513405;916
3513504;1496
3513603;266
3513702;339
3513801;5406
3513850;14
3513900;137
3514007;92
3514106;325
3514205;26
3514304;88
3514403;494
3514502;150
3514601;111
3514700;79
3514809;184
3514908;211
3514924;36
3514957;24
3515004;3977
3515103;885
3515129;37
3515152;279
3515186;437
3515194;79
3515202;91
3515301;42
3515350;105
3515400;222
3515509;745
3515608;53
3515657;15
3515707;2708
3515806;13
3515905;14
3516002;112
3516101;31
3516200;4622
3516309;2808
3516408;2132
3516507;23
3516606;65
3516705;514
3516804;34
3516853;79
3516903;92
3517000;91
3517109;52
3517208;144
3517307;74
3517406;484
3517505;238
3517604;249
3517703;258
3517802;75
3517901;119
3518008;23
3518107;68
3518206;368
3518305;432
3518404;1574
3518503;156
3518602;534
3518701;4189
3518800;20363
3518859;103
3518909;50
3519006;121
3519055;176
3519071;2972
3519105;141
3519204;60
3519253;79
3519303;513
3519402;140
3519501;61
3519600;752
3519709;1106
3519808;86
3519907;77
3520004;295
3520103;304
3520202;144
3520301;329
3520400;546
3520426;156
3520442;251
3520509;3214
3520608;59
3520707;34
3520806;23
3520905;184
3521002;374
3521101;88
3521150;94
3521200;44
3521309;179
3521408;268
3521507;80
3521606;65
3521705;264
3521804;327
3521903;231
3522000;38
3522109;1323
3522158;42
3522208;2516
3522307;2097
3522406;1442
3522505;3947
3522604;803
3522653;81
3522703;477
3522802;175
3522901;187
3523008;51
3523107;5846
3523206;622
3523305;152
3523404;1409
3523503;272
3523602;158
3523701;78
3523800;84
3523909;2245
3524006;858
3524105;460
3524204;64
3524303;782
3524402;2852
3524501;95
3524600;229
3524709;789
3524808;524
3524907;71
3525003;1622
3525102;597
3525201;509
3525300;1522
3525409;31
3525508;156
3525607;49
3525706;452
3525805;63
3525854;38
3525904;6200
3526001;224
3526100;278
3526209;456
3526308;61
3526407;361
3526506;47
3526605;90
3526704;1200
3526803;794
3526902;3478
3527009;87
3527108;910
3527207;1091
3527256;14
3527306;796
3527405;206
3527504;24
3527603;165
3527702;57
3527801;45
3527900;38
3528007;213
3528106;85
3528205;37
3528304;27
3528403;694
3528502;1033
3528601;116
3528700;40
3528809;146
3528858;31
3528908;42
3529005;3059
3529104;14
3529203;301
3529302;946
3529401;5136
3529500;83
3529609;35
3529658;31
3529708;230
3529807;155
3529906;308
3530003;28
3530102;240
3530201;174
3530300;726
3530409;59
3530508;758
3530607;6341
3530706;1915
3530805;1037
3530904;52
3531001;24
3531100;719
3531209;77
3531308;573
3531407;237
3531506;213
3531605;57
3531704;36
3531803;972
3531902;381
3532009;161
3532058;56
3532108;27
3532157;38
3532207;80
3532306;55
3532405;214
3532504;88
3532603;72
3532702;59
3532801;87
3532827;142
3532843;17
3532868;5
3532900;114
3533007;242
3533106;26
3533205;62
3533254;55
3533304;24
3533403;694
3533502;485
3533601;83
3533700;72
3533809;25
3533908;698
3534005;69
3534104;68
3534203;75
3534302;467
3534401;9504
3534500;19
3534609;300
3534708;1275
3534757;151
3534807;103
3534906;106
3535002;118
3535101;103
3535200;61
3535309;227
3535408;186
3535507;488
3535606;177
3535705;64
3535804;261
3535903;50
3536000;100
3536109;106
3536208;271
3536257;31
3536307;192
3536406;110
3536505;1524
3536570;23
3536604;75
3536703;547
3536802;77
3536901;19
3537008;209
3537107;501
3537156;32
3537206;154
3537305;751
3537404;296
3537503;100
3537602;955
3537701;60
3537800;685
3537909;413
3538006;2235
3538105;129
3538204;167
3538303;28
3538501;131
3538600;329
3538709;4912
3538808;352
3538907;259
3539004;135
3539103;266
3539202;328
3539301;867
3539400;168
3539509;476
3539608;54
3539707;37
3539806;1578
3539905;68
3540002;224
3540101;29
3540200;528
3540259;51
3540309;35
3540408;48
3540507;96
3540606;698
3540705;594
3540754;232
3540804;228
3540853;8
3540903;215
3541000;4233
3541059;81
3541109;38
3541208;116
3541307;450
3541406;2769
3541505;376
3541604;424
3541653;42
3541703;186
3541802;49
3541901;116
3542008;90
3542107;121
3542206;364
3542305;57
3542404;221
3542503;56
3542602;873
3542701;94
3542800;42
3542909;161
3543006;319
3543105;84
3543204;55
3543238;20
3543253;100
3543303;1364
3543402;8210
3543501;84
3543600;57
3543709;106
3543808;97
3543907;2498
3544004;416
3544103;544
3544202;117
3544251;200
3544301;154
3544400;24
3544509;27
3544608;56
3544707;27
3544806;55
3544905;119
3545001;215
3545100;76
3545159;97
3545209;1677
3545308;504
3545407;92
3545506;49
3545605;151
3545704;81
3545803;2165
3546009;152
3546108;30
3546207;30
3546256;15
3546306;364
3546405;606
3546504;69
3546603;427
3546702;325
3546801;726
3546900;84
3547007;77
3547106;29
3547205;12
3547304;2290
3547403;30
3547502;227
3547601;244
3547650;16
3547700;194
3547809;8976
3547908;79
3548005;286
3548054;111
3548104;62
3548203;88
3548302;32
3548401;52
3548500;4404
3548609;111
3548708;9906
3548807;1664
3548906;2992
3549003;24
3549102;991
3549201;35
3549250;20
3549300;31
3549409;552
3549508;96
3549607;43
3549706;664
3549805;5689
3549904;9112
3549953;194
3550001;100
3550100;436
3550209;415
3550308;159394
3550407;410
3550506;95
3550605;1058
3550704;1204
3550803;107
3550902;146
3551009;4288
3551108;112
3551207;51
3551306;36
3551405;110
3551504;775
3551603;309
3551702;1605
3551801;200
3551900;221
3552007;75
3552106;459
3552205;8940
3552304;90
3552403;3867
3552502;4382
3552551;29
3552601;114
3552700;204
3552809;4024
3552908;79
3553005;201
3553104;73
3553203;50
3553302;285
3553401;280
3553500;101
3553609;111
3553658;27
3553708;565
3553807;333
3553856;118
3553906;88
3553955;194
3554003;1592
3554102;3877
3554201;70
3554300;326
3554409;95
3554508;483
3554607;21
3554656;29
3554706;99
3554755;27
3554805;581
3554904;69
3554953;62
3555000;694
3555109;129
3555208;15
3555307;11
3555356;88
3555406;1333
3555505;67
3555604;110
3555703;23
3555802;90
3555901;12
3556008;121
3556107;173
3556206;1363
3556305;307
3556354;109
3556404;529
3556453;815
3556503;1370
3556602;113
3556701;930
3556800;239
3556909;122
3556958;22
3557006;1605
3557105;1160
3557154;26
3557204;154
3557303;146
4100103;108
4100202;64
4100301;120
4100400;1652
4100459;49
4100509;234
4100608;162
4100707;133
4100806;113
4100905;92
4101002;286
4101051;28
4101101;237
4101150;49
4101200;237
4101309;65
4101408;1700
4101507;1513
4101606;374
4101655;33
4101705;200
4101804;2236
4101853;34
4101903;142
4102000;468
4102109;342
4102208;53
4102307;172
4102406;437
4102505;112
4102604;162
4102703;33
4102752;36
4102802;194
4102901;280
4103008;55
4103024;33
4103040;91
4103057;109
4103107;174
4103156;54
4103206;95
4103222;40
4103305;70
4103354;81
4103370;55
4103404;28
4103453;338
4103479;61
4103503;120
4103602;304
4103701;1245
4103800;104
4103909;226
4103958;68
4104006;738
4104055;60
4104105;125
4104204;1650
4104253;423
4104303;1240
4104402;202
4104428;225
4104451;167
4104501;248
4104600;240
4104659;364
4104709;202
4104808;5206
4104907;1178
4105003;112
4105102;144
4105201;241
4105300;130
4105409;310
4105508;1110
4105607;170
4105706;274
4105805;3467
4105904;263
4106001;97
4106100;34
4106209;258
4106308;216
4106407;498
4106456;84
4106506;319
4106555;43
4106571;55
4106605;298
4106704;72
4106803;187
4106852;50
4106902;21402
4107009;196
4107108;49
4107124;44
4107157;71
4107207;629
4107256;121
4107306;66
4107405;63
4107504;148
4107520;23
4107538;58
4107546;62
4107553;35
4107603;251
4107652;1967
4107702;57
4107736;91
4107751;117
4107801;60
4107850;58
4107900;120
4108007;138
4108106;40
4108205;88
4108304;4445
4108320;100
4108403;1343
4108452;74
4108502;200
4108551;20
4108601;368
4108650;86
4108700;84
4108809;510
4108908;101
4108957;105
4109005;49
4109104;24
4109203;68
4109302;169
4109401;3028
4109500;124
4109609;537
4109658;68
4109708;398
4109757;91
4109807;654
4109906;144
4110003;85
4110052;22
4110078;181
4110102;489
4110201;158
4110300;36
4110409;58
4110508;215
4110607;217
4110656;26
4110706;794
4110805;130
4110904;52
4110953;169
4111001;90
4111100;70
4111209;181
4111258;507
4111308;46
4111407;181
4111506;415
4111555;81
4111605;34
4111704;63
4111803;608
4111902;192
4112009;497
4112108;269
4112207;49
4112306;61
4112405;93
4112504;147
4112603;11
4112702;147
4112751;99
4112801;175
4112900;38
4112959;105
4113007;85
4113106;50
4113205;574
4113254;88
4113304;510
4113403;46
4113429;50
4113452;87
4113502;315
4113601;45
4113700;6923
4113734;97
4113759;53
4113809;45
4113908;162
4114005;155
4114104;433
4114203;514
4114302;368
4114351;31
4114401;278
4114500;191
4114609;746
4114708;74
4114807;565
4114906;153
4115002;114
4115101;148
4115200;5125
4115309;87
4115358;91
4115408;193
4115457;72
4115507;57
4115606;265
4115705;533
4115739;50
4115754;172
4115804;821
4115853;77
4115903;34
4116000;22
4116059;152
4116109;139
4116208;249
4116307;41
4116406;38
4116505;24
4116604;46
4116703;141
4116802;81
4116901;366
4116950;75
4117008;77
4117057;181
4117107;173
4117206;52
4117214;50
4117222;111
4117255;123
4117271;95
4117297;28
4117305;328
4117404;29
4117453;80
4117503;698
4117602;866
4117701;507
4117800;190
4117909;543
4118006;169
4118105;138
4118204;2293
4118303;33
4118402;1274
4118451;76
4118501;1301
4118600;66
4118709;71
4118808;165
4118857;108
4118907;161
4119004;84
4119103;168
4119152;1595
4119202;91
4119251;25
4119301;533
4119400;354
4119509;1658
4119608;467
4119657;37
4119707;69
4119806;162
4119905;4993
4119954;354
4120002;121
4120101;53
4120150;46
4120200;43
4120309;43
4120333;66
4120358;89
4120408;73
4120507;84
4120606;595
4120655;58
4120705;101
4120804;302
4120853;54
4120903;446
4121000;160
4121109;50
4121208;235
4121257;76
4121307;38
4121356;33
4121406;211
4121505;202
4121604;97
4121703;380
4121752;104
4121802;145
4121901;192
4122008;172
4122107;31
4122156;241
4122172;50
4122206;551
4122305;385
4122404;926
4122503;148
4122602;108
4122651;66
4122701;106
4122800;50
4122909;72
4123006;187
4123105;34
4123204;46
4123303;125
4123402;134
4123501;344
4123600;20
4123709;96
4123808;161
4123824;50
4123857;136
4123907;147
4123956;53
4124004;82
4124020;179
4124053;353
4124103;602
4124202;31
4124301;21
4124400;276
4124509;88
4124608;98
4124707;148
4124806;158
4124905;73
4125001;114
4125100;201
4125209;127
4125308;43
4125357;83
4125407;80
4125456;56
4125506;4556
4125555;18
4125605;579
4125704;430
4125753;93
4125803;94
4125902;34
4126009;87
4126108;62
4126207;80
4126256;1648
4126272;89
4126306;264
4126355;62
4126405;50
4126504;207
4126603;299
4126652;31
4126678;175
4126702;73
4126801;214
4126900;77
4127007;139
4127106;1125
4127205;236
4127304;181
4127403;259
4127502;319
4127601;254
4127700;2081
4127809;76
4127858;181
4127882;128
4127908;102
4127957;89
4127965;185
4128005;310
4128104;1607
4128203;849
4128302;25
4128401;98
4128500;287
4128534;131
4128559;110
4128609;95
4128625;58
4128633;72
4128658;62
4128708;118
4128807;73
4200051;26
4200101;286
4200200;126
4200309;73
4200408;108
4200507;90
4200556;31
4200606;76
4200705;100
4200754;22
4200804;61
4200903;66
4201000;103
4201109;38
4201208;129
4201257;130
4201273;56
4201307;581
4201406;995
4201505;121
4201604;45
4201653;27
4201703;102
4201802;41
4201901;83
4201950;169
4202008;1591
4202057;150
4202073;156
4202081;44
4202099;18
4202107;508
4202131;71
4202156;31
4202206;101
4202305;957
4202404;4415
4202438;34
4202453;307
4202503;46
4202537;35
4202578;22
4202602;134
4202701;73
4202800;554
4202859;47
4202875;30
4202909;1970
4203006;1153
4203105;91
4203154;62
4203204;1460
4203253;39
4203303;158
4203402;81
4203501;141
4203600;551
4203709;153
4203808;804
4203907;300
4203956;356
4204004;186
4204103;60
4204152;33
4204178;43
4204194;47
4204202;3655
4204251;201
4204301;1111
4204350;64
4204400;135
4204459;20
4204509;178
4204558;244
4204608;2726
4204707;130
4204756;26
4204806;644
4204905;101
4205001;246
4205100;67
4205159;40
4205175;61
4205191;37
4205209;67
4205308;163
4205357;23
4205407;6189
4205431;24
4205456;448
4205506;519
4205555;22
4205605;30
4205704;331
4205803;282
4205902;992
4206009;164
4206108;93
4206207;150
4206306;336
4206405;135
4206504;602
4206603;64
4206652;110
4206702;317
4206751;20
4206801;25
4206900;238
4207007;763
4207106;199
4207205;111
4207304;626
4207403;94
4207502;910
4207577;43
4207601;52
4207650;119
4207684;132
4207700;94
4207759;39
4207809;158
4207858;32
4207908;149
4208005;91
4208104;298
4208203;3665
4208302;932
4208401;222
4208450;302
4208500;424
4208609;57
4208708;137
4208807;259
4208906;2306
4208955;23
4209003;353
4209102;7802
4209151;101
4209177;37
4209201;27
4209300;2261
4209409;457
4209458;26
4209508;103
4209607;172
4209706;165
4209805;38
4209854;55
4209904;162
4210001;205
4210035;61
4210050;24
4210100;746
4210209;34
4210308;100
4210407;106
4210506;365
4210555;27
4210605;217
4210704;38
4210803;77
4210852;37
4210902;50
4211009;120
4211058;150
4211108;137
4211207;240
4211256;36
4211306;1420
4211405;70
4211454;60
4211504;186
4211603;166
4211652;24
4211702;315
4211751;234
4211801;79
4211850;24
4211876;27
4211892;29
4211900;2821
4212007;123
4212056;24
4212106;176
4212205;251
4212239;40
4212254;86
4212270;66
4212304;109
4212403;41
4212502;437
4212601;37
4212650;117
4212700;89
4212809;368
4212908;312
4213005;47
4213104;48
4213153;52
4213203;379
4213302;64
4213351;57
4213401;153
4213500;330
4213609;421
4213708;243
4213807;104
4213906;14
4214003;297
4214102;27
4214151;41
4214201;125
4214300;46
4214409;70
4214508;85
4214607;107
4214706;107
4214805;936
4214904;56
4215000;542
4215059;42
4215075;53
4215109;129
4215208;50
4215307;106
4215356;44
4215406;54
4215455;192
4215505;296
4215554;25
4215604;22
4215653;109
4215679;95
4215687;21
4215695;19
4215703;321
4215752;36
4215802;1077
4215901;26
4216008;154
4216057;78
4216107;130
4216206;683
4216255;68
4216305;471
4216354;60
4216404;99
4216503;382
4216602;3245
4216701;182
4216800;77
4216909;359
4217006;149
4217105;48
4217154;19
4217204;569
4217253;47
4217303;114
4217402;269
4217501;249
4217550;36
4217600;146
4217709;417
4217758;24
4217808;222
4217907;84
4217956;41
4218004;724
4218103;70
4218202;501
4218251;131
4218301;327
4218350;51
4218400;104
4218509;123
4218608;80
4218707;1367
4218756;70
4218806;178
4218855;35
4218905;137
4218954;42
4219002;202
4219101;71
4219150;36
4219176;61
4219200;93
4219309;769
4219358;88
4219408;48
4219507;685
4219606;28
4219705;471
4219853;65
4220000;197
4300034;57
4300059;55
4300109;166
4300208;57
4300307;51
4300406;832
4300455;40
4300471;15
4300505;51
4300554;17
4300570;14
4300604;2764
4300638;64
4300646;87
4300661;8
4300703;61
4300802;128
4300851;45
4300877;93
4300901;66
4301008;267
4301057;100
4301073;20
4301107;167
4301206;113
4301305;181
4301404;117
4301503;76
4301552;31
4301602;1634
4301636;146
4301651;60
4301701;77
4301750;38
4301800;64
4301859;48
4301875;38
4301909;152
4301925;10
4301958;33
4302006;99
4302055;31
4302105;1556
4302154;31
4302204;79
4302220;21
4302238;35
4302253;26
4302303;174
4302352;194
4302378;33
4302402;160
4302451;103
4302501;63
4302584;23
4302600;42
4302659;50
4302709;231
4302808;390
4302907;124
4303004;982
4303103;1654
4303202;52
4303301;58
4303400;44
4303509;856
4303558;47
4303608;76
4303673;21
4303707;45
4303806;59
4303905;776
4304002;64
4304101;28
4304200;334
4304309;68
4304358;132
4304408;711
4304507;524
4304606;4811
4304614;12
4304622;12
4304630;880
4304655;20
4304663;369
4304671;53
4304689;127
4304697;36
4304705;818
4304713;69
4304804;376
4304853;12
4304903;89
4304952;31
4305009;80
4305108;5699
4305116;23
4305124;46
4305132;23
4305157;33
4305173;121
4305207;115
4305306;97
4305355;347
4305371;33
4305405;41
4305439;41
4305447;61
4305454;205
4305504;40
4305587;20
4305603;34
4305702;84
4305801;154
4305835;9
4305850;20
4305871;33
4305900;81
4305934;8
4305959;32
4305975;42
4306007;140
4306056;88
4306072;32
4306106;793
4306130;13
4306205;117
4306304;35
4306320;25
4306353;21
4306379;23
4306403;353
4306429;26
4306452;33
4306502;159
4306551;30
4306601;433
4306700;37
4306734;41
4306759;12
4306767;524
4306809;285
4306908;290
4306924;23
4306932;108
4306957;31
4306973;38
4307005;1294
4307054;23
4307104;68
4307203;61
4307302;84
4307401;41
4307450;28
4307500;183
4307559;78
4307609;561
4307708;1017
4307807;407
4307815;37
4307831;26
4307864;20
4307906;839
4308003;71
4308052;30
4308078;51
4308102;149
4308201;368
4308250;20
4308300;88
4308409;86
4308433;16
4308458;57
4308508;460
4308607;377
4308656;21
4308706;54
4308805;84
4308854;17
4308904;171
4309001;189
4309050;97
4309100;603
4309126;52
4309159;47
4309209;3340
4309258;18
4309308;1169
4309407;325
4309506;67
4309555;64
4309571;42
4309605;244
4309654;76
4309704;45
4309753;42
4309803;49
4309902;75
4309951;48
4310009;268
4310108;490
4310207;1057
4310306;47
4310330;288
4310363;28
4310405;62
4310413;38
4310439;56
4310462;19
4310504;90
4310538;62
4310553;22
4310579;24
4310603;487
4310652;30
4310702;28
4310751;15
4310801;231
4310850;26
4310876;15
4310900;39
4311007;315
4311106;74
4311122;56
4311130;40
4311155;83
4311205;241
4311239;25
4311254;53
4311270;12
4311304;348
4311403;1260
4311429;37
4311502;85
4311601;56
4311627;72
4311643;6
4311700;67
4311718;55
4311734;41
4311759;60
4311775;62
4311791;26
4311809;509
4311908;34
4311981;31
4312005;23
4312054;34
4312104;51
4312138;28
4312153;49
4312179;14
4312203;52
4312252;100
4312302;67
4312351;19
4312377;40
4312385;24
4312401;876
4312427;30
4312443;24
4312450;51
4312476;61
4312500;151
4312609;46
4312617;28
4312625;18
4312658;233
4312674;23
4312708;167
4312757;37
4312807;75
4312906;81
4312955;18
4313003;30
4313011;46
4313037;46
4313060;251
4313086;23
4313102;57
4313201;235
4313300;326
4313334;12
4313359;21
4313375;360
4313391;33
4313409;3113
4313425;19
4313441;20
4313466;19
4313490;46
4313508;564
4313607;28
4313656;131
4313706;487
4313805;83
4313904;561
4313953;123
4314001;66
4314027;60
4314035;52
4314050;750
4314068;45
4314076;63
4314100;2820
4314134;27
4314159;80
4314175;20
4314209;83
4314308;47
4314407;3993
4314423;63
4314456;36
4314464;23
4314472;29
4314498;46
4314506;108
4314548;29
4314555;15
4314605;152
4314704;101
4314753;26
4314779;46
4314787;17
4314803;386
4314902;16394
4315008;36
4315057;19
4315073;19
4315107;128
4315131;20
4315149;25
4315156;59
4315172;14
4315206;30
4315305;272
4315313;18
4315321;23
4315354;40
4315404;200
4315453;21
4315503;170
4315552;24
4315602;2513
4315701;384
4315750;49
4315800;123
4315909;97
4315958;17
4316006;258
4316105;116
4316204;44
4316303;68
4316402;481
4316428;19
4316436;33
4316451;126
4316477;20
4316501;73
4316600;158
4316709;82
4316733;20
4316758;70
4316808;1594
4316907;3443
4316956;56
4316972;24
4317004;68
4317103;1052
4317202;1052
4317251;12
4317301;374
4317400;594
4317509;1095
4317558;21
4317608;455
4317707;114
4317756;24
4317806;171
4317905;170
4317954;16
4318002;804
4318051;30
4318101;175
4318200;277
4318309;789
4318408;285
4318424;40
4318432;30
4318440;23
4318457;20
4318465;21
4318481;39
4318499;16
4318507;270
4318606;71
4318614;29
4318622;70
4318705;2777
4318804;390
4318903;516
4319000;240
4319109;54
4319125;29
4319158;73
4319208;54
4319307;46
4319356;31
4319364;16
4319372;36
4319406;187
4319505;291
4319604;245
4319703;29
4319711;14
4319737;36
4319752;22
4319802;82
4319901;1145
4320008;1561
4320107;334
4320206;179
4320230;36
4320263;71
4320305;46
4320321;32
4320354;41
4320404;200
4320453;14
4320503;60
4320552;47
4320578;18
4320602;32
4320651;10
4320677;82
4320701;196
4320800;357
4320859;54
4320909;342
4321006;113
4321105;139
4321204;633
4321303;238
4321329;42
4321352;60
4321402;209
4321436;134
4321451;416
4321469;31
4321477;63
4321493;20
4321501;568
4321600;752
4321626;10
4321634;16
4321667;137
4321709;315
4321808;297
4321832;28
4321857;56
4321907;295
4321956;86
4322004;353
4322103;41
4322152;47
4322186;11
4322202;243
4322251;79
4322301;68
4322327;30
4322343;14
4322350;10
4322376;27
4322400;1732
4322509;931
4322525;24
4322533;99
4322541;66
4322558;18
4322608;798
4322707;270
4322806;266
4322855;12
4322905;45
4323002;2801
4323101;66
4323200;27
4323309;33
4323358;27
4323408;45
4323457;33
4323507;35
4323606;19
4323705;28
4323754;32
4323770;28
4323804;240
5000203;309
5000252;51
5000609;642
5000708;428
5000807;89
5000856;172
5000906;188
5001003;337
5001102;744
5001243;176
5001508;93
5001904;388
5002001;150
5002100;399
5002159;139
5002209;356
5002308;178
5002407;557
5002605;206
5002704;13977
5002803;76
5002902;237
5002951;471
5003108;56
5003157;356
5003207;1790
5003256;534
5003306;508
5003454;168
5003488;155
5003504;74
5003702;4066
5003751;175
5003801;295
5003900;3
5004007;131
5004106;139
5004304;239
5004403;131
5004502;251
5004601;283
5004700;449
5004809;191
5004908;49
5005004;376
5005103;60
5005152;116
5005202;357
5005251;115
5005400;817
5005608;479
5005681;325
5005707;872
5005806;209
5006002;391
5006200;794
5006259;67
5006275;8
5006309;611
5006358;333
5006408;96
5006606;1661
5006903;228
5007109;309
5007208;611
5007307;58
5007406;308
5007505;75
5007554;86
5007695;533
5007703;146
5007802;86
5007901;725
5007935;257
5007950;193
5007976;40
5008008;202
5008305;1944
5008404;77
5100102;77
5100201;436
5100250;948
5100300;172
5100359;86
5100409;137
5100508;94
5100607;185
5100805;112
5101001;31
5101209;6
5101258;257
5101308;150
5101407;376
5101605;78
5101704;528
5101803;1149
5101852;117
5101902;299
5102504;1705
5102603;459
5102637;731
5102678;753
5102686;129
5102694;74
5102702;427
5102793;129
5102850;93
5103007;287
5103056;156
5103106;65
5103205;488
5103254;416
5103304;406
5103353;704
5103361;62
5103379;173
5103403;10521
5103437;66
5103452;82
5103502;407
5103601;83
5103700;226
5103809;47
5103858;151
5103908;107
5103957;23
5104104;524
5104203;104
5104500;40
5104526;111
5104542;94
5104559;89
5104609;173
5104807;431
5104906;107
5105002;131
5105101;624
5105150;752
5105176;148
5105200;136
5105234;78
5105259;1435
5105309;24
5105507;272
5105580;198
5105606;361
5105622;449
5105903;296
5106000;102
5106109;153
5106158;192
5106174;96
5106182;94
5106190;58
5106208;55
5106216;183
5106224;1013
5106232;269
5106240;182
5106257;335
5106265;117
5106273;48
5106281;102
5106299;179
5106307;356
5106315;31
5106372;197
5106422;620
5106455;51
5106505;522
5106653;91
5106703;16
5106752;863
5106778;168
5106802;79
5106828;196
5106851;39
5107008;248
5107040;1413
5107065;491
5107107;233
5107156;26
5107180;178
5107198;34
5107206;83
5107248;82
5107263;78
5107297;15
5107305;292
5107354;98
5107404;74
5107578;34
5107602;4254
5107701;199
5107743;41
5107750;61
5107768;42
5107776;110
5107792;63
5107800;162
5107859;116
5107875;568
5107883;19
5107909;3143
5107925;2056
5107941;150
5107958;1760
5108006;240
5108055;201
5108105;18
5108204;42
5108303;61
5108352;33
5108402;4807
5108501;155
5108600;298
5108808;70
5108857;51
5108907;81
5108956;123
5200050;257
5200100;178
5200134;254
5200159;26
5200175;63
5200209;14
5200258;2833
5200308;453
5200506;16
5200555;106
5200605;121
5200803;147
5200829;28
5200852;94
5200902;40
5201108;6034
5201207;9
5201306;198
5201405;8863
5201454;43
5201504;68
5201603;47
5201702;238
5201801;130
5202155;68
5202353;39
5202502;97
5202601;23
5202809;29
5203104;29
5203203;165
5203302;465
5203401;108
5203500;357
5203559;126
5203575;47
5203609;39
5203807;72
5203906;136
5203939;26
5203962;52
5204003;113
5204102;149
5204201;12
5204250;91
5204300;161
5204409;191
5204508;1346
5204557;50
5204607;43
5204656;29
5204706;147
5204805;86
5204854;103
5204904;319
5204953;51
5205000;105
5205059;43
5205109;1417
5205208;50
5205307;133
5205406;313
5205455;117
5205471;262
5205497;1122
5205513;274
5205521;46
5205703;36
5205802;109
5205901;85
5206206;981
5206305;31
5206404;236
5206503;28
5206602;35
5206701;59
5206800;97
5206909;14
5207105;22
5207253;63
5207352;46
5207402;163
5207501;33
5207535;68
5207600;50
5207808;83
5207907;103
5208004;1659
5208103;64
5208152;33
5208301;62
5208400;182
5208509;33
5208608;1093
5208707;19732
5208806;1089
5208905;282
5209101;420
5209150;44
5209200;257
5209291;16
5209408;45
5209457;10
5209606;52
5209705;306
5209804;39
5209903;146
5209937;65
5209952;243
5210000;669
5210109;307
5210158;29
5210208;483
5210307;28
5210406;601
5210562;59
5210604;45
5210802;51
5210901;280
5211008;79
5211206;287
5211305;102
5211404;103
5211503;1325
5211602;23
5211701;69
5211800;592
5211909;1478
5212006;34
5212055;29
5212105;86
5212204;246
5212253;78
5212303;119
5212501;3024
5212600;21
5212709;151
5212808;160
5212907;33
5212956;49
5213004;153
5213053;32
5213087;372
5213103;1141
5213400;14
5213509;106
5213707;83
5213756;191
5213772;51
5213806;641
5213855;20
5213905;44
5214002;280
5214051;89
5214101;44
5214408;100
5214507;466
5214606;382
5214705;27
5214804;14
5214838;168
5214861;81
5214879;18
5214903;32
5215009;95
5215207;47
5215231;1551
5215256;46
5215306;184
5215405;53
5215504;77
5215603;419
5215652;36
5215702;437
5215801;25
5215900;45
5216007;34
5216304;100
5216403;155
5216452;39
5216809;84
5216908;44
5217104;223
5217203;109
5217302;303
5217401;352
5217609;1547
5217708;180
5218003;566
5218052;51
5218102;41
5218300;572
5218391;31
5218508;698
5218607;136
5218706;52
5218789;54
5218805;3416
5218904;261
5219001;93
5219100;95
5219209;34
5219258;84
5219308;535
5219357;37
5219407;102
5219456;17
5219506;31
5219605;37
5219704;120
5219712;53
5219738;71
5219753;1024
5219803;60
5219902;67
5220009;173
5220058;15
5220108;412
5220157;71
5220207;314
5220264;34
5220280;20
5220405;239
5220454;2339
5220504;93
5220603;246
5220686;102
5220702;33
5221007;57
5221080;45
5221197;111
5221304;29
5221403;2060
5221452;27
5221502;40
5221551;57
5221577;25
5221601;587
5221700;155
5221809;20
5221858;2590
5221908;35
5222005;198
5222054;114
5222203;55
5222302;73
5300108;42373
